family,index,seed,method,n_points,degree,condition,success,global_rmse,local_rmse,low_rmse,p95_abs
smooth_low_variation,0,20260513,afp_poly_only,64,5,194.0584191614393,True,5.7383846407154206e-05,8.084052498387947e-05,4.98091105434319e-05,0.0001145244152068263
smooth_low_variation,0,20260513,afp_poly_residual_phs,64,5,194.0584191614393,True,2.045879214187189e-05,4.242379811761865e-05,8.524501235724635e-06,4.5884538013776755e-05
smooth_low_variation,0,20260513,hessian_weighted_poly_residual_phs,64,5,222.65911647339473,True,1.879360833128989e-05,3.349560227104707e-05,1.267603632392873e-05,4.496298280231098e-05
smooth_low_variation,0,20260513,afp_exchange_poly_residual_phs,64,5,201.2277639415004,True,1.6587580953896093e-05,3.397290610341676e-05,7.417488861421647e-06,3.201899921761662e-05
smooth_low_variation,1,20260514,afp_poly_only,64,5,178.9825520543919,True,0.0009401302257711464,0.0013976998656753939,0.0007848293803402672,0.0018892107890481843
smooth_low_variation,1,20260514,afp_poly_residual_phs,64,5,178.9825520543919,True,0.0002272142042893462,0.00047486015014828054,8.99190820414613e-05,0.0005050668483787676
smooth_low_variation,1,20260514,hessian_weighted_poly_residual_phs,64,5,192.8787847401267,True,0.00014997179031134956,0.00023741094759382697,0.00011835937201556409,0.0003433366729791326
smooth_low_variation,1,20260514,afp_exchange_poly_residual_phs,64,5,206.22965175388498,True,9.928151584690237e-05,0.0001660513517398441,7.362188333152105e-05,0.00019840327328072925
smooth_low_variation,2,20260515,afp_poly_only,64,5,188.54082172385316,True,0.0001856193002380975,0.0002416511793105651,0.0001686982213614418,0.00036405807694265483
smooth_low_variation,2,20260515,afp_poly_residual_phs,64,5,188.54082172385316,True,4.570152383247523e-05,9.066746827201699e-05,2.3516285088670542e-05,9.150429404136309e-05
smooth_low_variation,2,20260515,hessian_weighted_poly_residual_phs,64,5,205.72488627124554,True,3.302224397096908e-05,5.108905428789789e-05,2.6644187484177452e-05,7.575359810034076e-05
smooth_low_variation,2,20260515,afp_exchange_poly_residual_phs,64,5,199.92078736240362,True,3.645835603742031e-05,6.0061479774456525e-05,2.754441196496602e-05,7.83521220755957e-05
smooth_low_variation,3,20260516,afp_poly_only,64,5,190.24992668204044,True,0.0006051086843840555,0.0007855097309612445,0.0005507557845731975,0.0011910760254529753
smooth_low_variation,3,20260516,afp_poly_residual_phs,64,5,190.24992668204044,True,0.00010390968610713687,0.00021762220904935739,4.050962127948113e-05,0.00024777602638193115
smooth_low_variation,3,20260516,hessian_weighted_poly_residual_phs,64,5,180.72104554272946,True,7.090378401123073e-05,0.00012214073669363014,5.0501104866567744e-05,0.00015176297302049084
smooth_low_variation,3,20260516,afp_exchange_poly_residual_phs,64,5,222.59193758043207,True,8.246128542016828e-05,0.00014686057294960864,5.5691149547338264e-05,0.00016764086722193797
smooth_low_variation,4,20260517,afp_poly_only,64,5,186.919969586886,True,0.0003715437905868064,0.0004544439271623671,0.0003477022701688164,0.0006725399762262526
smooth_low_variation,4,20260517,afp_poly_residual_phs,64,5,186.919969586886,True,9.269709898327252e-05,0.00018561530747860243,4.6006690738008e-05,0.00020629717326634464
smooth_low_variation,4,20260517,hessian_weighted_poly_residual_phs,64,5,197.12081677288776,True,9.138411025018426e-05,0.00016785275113104746,5.819537567415071e-05,0.00020955902793376837
smooth_low_variation,4,20260517,afp_exchange_poly_residual_phs,64,5,198.8505375230674,True,6.922368171231926e-05,0.0001152390743263572,5.1635792155415065e-05,0.0001449986264450018
edge_rolloff,0,20261513,afp_poly_only,64,5,180.0971529580421,True,0.0010956512858682204,0.0017943297223773857,0.0008335442463348162,0.0021268136972172097
edge_rolloff,0,20261513,afp_poly_residual_phs,64,5,180.0971529580421,True,0.0007293425380978233,0.0014081075654193852,0.00041062540685715584,0.0015965990944543029
edge_rolloff,0,20261513,hessian_weighted_poly_residual_phs,64,5,195.32214282155087,True,0.0007018708354499705,0.0010858995958433308,0.0005662950817205779,0.0015725283433928724
edge_rolloff,0,20261513,afp_exchange_poly_residual_phs,64,5,204.800794394389,True,0.0006767548010185692,0.0011596399121971592,0.00048572188697819455,0.0014450863527570566
edge_rolloff,1,20261514,afp_poly_only,64,5,179.578195861112,True,0.0015754671826836441,0.002575552010758989,0.0012010320146616158,0.003174288880604744
edge_rolloff,1,20261514,afp_poly_residual_phs,64,5,179.578195861112,True,0.0010604143988154828,0.001982594177354746,0.0006494057699993843,0.002257896976999103
edge_rolloff,1,20261514,hessian_weighted_poly_residual_phs,64,5,198.4413828429488,True,0.0010732861676122014,0.0017085359977972476,0.000842258350064987,0.002535654061053349
edge_rolloff,1,20261514,afp_exchange_poly_residual_phs,64,5,195.099304943744,True,0.0009566661181920521,0.0016589767282504096,0.0006746670995356424,0.0018443403211045749
edge_rolloff,2,20261515,afp_poly_only,64,5,184.9040907431142,True,0.0014187224591516447,0.002259149653139071,0.0011129712669385049,0.002851516530726897
edge_rolloff,2,20261515,afp_poly_residual_phs,64,5,184.9040907431142,True,0.001018776863768477,0.0018698392993009183,0.000649812532647309,0.002387513844478796
edge_rolloff,2,20261515,hessian_weighted_poly_residual_phs,64,5,227.43137047919603,True,0.0008416300325043314,0.0013344351938490459,0.0006631653373039298,0.0018772612136162107
edge_rolloff,2,20261515,afp_exchange_poly_residual_phs,64,5,202.29902957783548,True,0.0009223770817973665,0.001456220226653368,0.0007299224249074661,0.0017182805075466059
edge_rolloff,3,20261516,afp_poly_only,64,5,179.26669589783137,True,0.0016322209566808125,0.002596780231073825,0.0012816471701134304,0.0032768301094214585
edge_rolloff,3,20261516,afp_poly_residual_phs,64,5,179.26669589783137,True,0.0011705374168017825,0.0022269338801665993,0.0006865516259942168,0.002499196037726349
edge_rolloff,3,20261516,hessian_weighted_poly_residual_phs,64,5,209.23736669265918,True,0.0009489139453235418,0.0016899585120073962,0.0006408747965188818,0.0022936749412852545
edge_rolloff,3,20261516,afp_exchange_poly_residual_phs,64,5,201.79628615802233,True,0.0010645808025652585,0.0016782560296565716,0.0008436879693330229,0.0018167860816291268
edge_rolloff,4,20261517,afp_poly_only,64,5,184.2802227217252,True,0.0013527936781910375,0.0021972353420307922,0.0010389032982614445,0.002813389842927346
edge_rolloff,4,20261517,afp_poly_residual_phs,64,5,184.2802227217252,True,0.000917979702566026,0.0017103212440120713,0.0005667166405813647,0.002089633692558473
edge_rolloff,4,20261517,hessian_weighted_poly_residual_phs,64,5,225.7441693155145,True,0.0008289778550880287,0.0013080105852595009,0.0006563874314233799,0.0019295194770268245
edge_rolloff,4,20261517,afp_exchange_poly_residual_phs,64,5,189.92494565952768,True,0.0008181028308537849,0.0014380650479649802,0.0005648089041014609,0.0016763312378306628
local_bump,0,20262513,afp_poly_only,64,5,170.9638814839797,True,0.002160052705609725,0.004520051891838892,0.0008472440344276508,0.0044844646913393005
local_bump,0,20262513,afp_poly_residual_phs,64,5,170.9638814839797,True,0.0009477471381712443,0.001990846300222514,0.000361389155375764,0.0020985741814380575
local_bump,0,20262513,hessian_weighted_poly_residual_phs,64,5,205.0538677467738,True,0.0008948721985174875,0.000999486460981678,0.0008666990426650266,0.002090911667273667
local_bump,0,20262513,afp_exchange_poly_residual_phs,64,5,186.95759121819796,True,0.0005557472706883957,0.0007486198493893254,0.0004958358925322916,0.0011906875277452181
local_bump,1,20262514,afp_poly_only,64,5,179.70214300358785,True,0.0013683160977260949,0.002813824724877179,0.0005986421015052681,0.0025620680666060174
local_bump,1,20262514,afp_poly_residual_phs,64,5,179.70214300358785,True,0.0009458264072374354,0.0020235720397066767,0.00030521197490316867,0.0022643634905301275
local_bump,1,20262514,hessian_weighted_poly_residual_phs,64,5,206.4600274677882,True,0.0004214526714733012,0.0005434637901937259,0.00038488875075210226,0.0009548921109762494
local_bump,1,20262514,afp_exchange_poly_residual_phs,64,5,193.78571170550947,True,0.0005418497668900769,0.0008585324373508056,0.0004272496221639831,0.0012243053526270922
local_bump,2,20262515,afp_poly_only,64,5,182.00101538391402,True,0.0017375786720201087,0.003108442342740921,0.0011642718214943265,0.0033905349334621008
local_bump,2,20262515,afp_poly_residual_phs,64,5,182.00101538391402,True,0.0006837200049087426,0.0013626158906164267,0.0003457837713646848,0.0016179347858966962
local_bump,2,20262515,hessian_weighted_poly_residual_phs,64,5,178.92261610449998,True,0.00046808452190321017,0.00041301050795013774,0.00048089005049406654,0.0009911165462785857
local_bump,2,20262515,afp_exchange_poly_residual_phs,64,5,202.14494617086186,True,0.0006124588744870899,0.0012229996423249595,0.0003073611314342856,0.0012633224939307779
local_bump,3,20262516,afp_poly_only,64,5,185.10517442217048,True,0.0007296490277430082,0.0014473741649821206,0.0003756236647952067,0.001362039631761981
local_bump,3,20262516,afp_poly_residual_phs,64,5,185.10517442217048,True,0.0003506869905107737,0.0007259585588451377,0.00014764785151852186,0.0007755794096033822
local_bump,3,20262516,hessian_weighted_poly_residual_phs,64,5,197.428152164998,True,0.00039381963301478204,0.0005694887204700533,0.0003357314823739871,0.0009530776681058291
local_bump,3,20262516,afp_exchange_poly_residual_phs,64,5,195.62870619838915,True,0.00034014758055236547,0.0007059990533979085,0.0001409008750011564,0.0007209941099986983
local_bump,4,20262517,afp_poly_only,64,5,184.83048773535572,True,0.0022670205788151614,0.004131914330145905,0.0014666094706868196,0.004128796299772716
local_bump,4,20262517,afp_poly_residual_phs,64,5,184.83048773535572,True,0.0009521848875311794,0.0018226643839060327,0.000549327124711711,0.001722518600511109
local_bump,4,20262517,hessian_weighted_poly_residual_phs,64,5,208.57434955670593,True,0.0010920163455633838,0.0008916511991170076,0.0011366768256913082,0.0026762733796032783
local_bump,4,20262517,afp_exchange_poly_residual_phs,64,5,211.6329636265811,True,0.0008405704200846046,0.0013109724391100852,0.0006731293295323683,0.0016512279221902282
mid_frequency_undulation,0,20263513,afp_poly_only,64,5,179.10859351655722,True,0.0037916710715064274,0.004609282448556179,0.003557618869858423,0.006808839285342823
mid_frequency_undulation,0,20263513,afp_poly_residual_phs,64,5,179.10859351655722,True,0.00048692925412650265,0.0007413083299536516,0.00039856861431758185,0.001147536023769808
mid_frequency_undulation,0,20263513,hessian_weighted_poly_residual_phs,64,5,206.92147367400852,True,0.00039718697706964416,0.00045320673165934384,0.00038187354101617286,0.0009439048192348863
mid_frequency_undulation,0,20263513,afp_exchange_poly_residual_phs,64,5,186.1880850507352,True,0.00039021377999118285,0.0005095159291577044,0.00035409878297705955,0.0008694699399748559
mid_frequency_undulation,1,20263514,afp_poly_only,64,5,179.10978565066222,True,0.0029982896494562756,0.004639171308554747,0.002418953633647348,0.005549450823045482
mid_frequency_undulation,1,20263514,afp_poly_residual_phs,64,5,179.10978565066222,True,0.0004412763614928404,0.0008806430652232743,0.0002219785811070665,0.0007712530981132721
mid_frequency_undulation,1,20263514,hessian_weighted_poly_residual_phs,64,5,209.56187739334584,True,0.00043647402154625573,0.000491911622852417,0.00042145068921670267,0.0009575109508288606
mid_frequency_undulation,1,20263514,afp_exchange_poly_residual_phs,64,5,208.3191528025623,True,0.00028291669490768584,0.0003755585690020388,0.00025449000274531793,0.0006142778600388686
mid_frequency_undulation,2,20263515,afp_poly_only,64,5,189.77588965156139,True,0.001970601102426569,0.002756660488184214,0.001718342751770833,0.0035948423338681115
mid_frequency_undulation,2,20263515,afp_poly_residual_phs,64,5,189.77588965156139,True,0.0002181796612536987,0.00043275204123743123,0.0001123593185245578,0.000399842278813588
mid_frequency_undulation,2,20263515,hessian_weighted_poly_residual_phs,64,5,190.92711828341294,True,0.0001495890184725567,0.00017743423141623182,0.00014176202077232177,0.00032335542321463824
mid_frequency_undulation,2,20263515,afp_exchange_poly_residual_phs,64,5,201.49575770840062,True,0.00014214529644334873,0.00019077911002655652,0.0001270846652101045,0.00031664806715569994
mid_frequency_undulation,3,20263516,afp_poly_only,64,5,187.15354463282253,True,0.0013969969925918795,0.002022945293391894,0.001189751215932611,0.002634231411348018
mid_frequency_undulation,3,20263516,afp_poly_residual_phs,64,5,187.15354463282253,True,0.00036254109612362156,0.0006533419531317851,0.00023969718247806286,0.0008033756625161207
mid_frequency_undulation,3,20263516,hessian_weighted_poly_residual_phs,64,5,198.79124201004626,True,0.00031219768891560713,0.0004288585612970694,0.00027534949108513435,0.0006465074584942822
mid_frequency_undulation,3,20263516,afp_exchange_poly_residual_phs,64,5,207.40601190107515,True,0.00028981643589393377,0.0003864763974904671,0.0002600442053402411,0.0006527476293520773
mid_frequency_undulation,4,20263517,afp_poly_only,64,5,184.3671605062421,True,0.001580358913730509,0.0025930998259919374,0.0011996115535645845,0.002839338495266252
mid_frequency_undulation,4,20263517,afp_poly_residual_phs,64,5,184.3671605062421,True,0.0004051298354791943,0.0008511637884621752,0.000154282344889003,0.0005758262338164484
mid_frequency_undulation,4,20263517,hessian_weighted_poly_residual_phs,64,5,190.48807236813832,True,0.00023433511596786493,0.0003905378333254211,0.00017455507292858525,0.00048598487017800475
mid_frequency_undulation,4,20263517,afp_exchange_poly_residual_phs,64,5,195.36508065013254,True,0.0002857320176398789,0.0005445601720644612,0.00016680855333308682,0.0005075033879698804
